url,content
http://www.budejie.com/detail-29857978.html, ä¸€å¤©åŒå­¦èšä¼šï¼Œéƒ½è¯´è‡ªå·±å·¥èµ„æœ‰å¤šé«˜å¤šé«˜ï¼Œé—®é“æˆ‘æ—¶æˆ‘å¼±å¼±è¯´ï¼šå°‘çš„å¯æ€œï¼Œå°±3000å—ã€‚å¤§å®¶éƒ½ç¬‘è¯æˆ‘è¯´ï¼šç¡®å®å°‘çš„å¯æ€œã€‚æœ€åæˆ‘è¡¥äº†å¥ï¼šè€å©†å‘çš„ã€‚å…¨åœºç¬é—´æ²‰é»˜ï¼Œç„¶åæƒŠå‘¼ï¼šè¿™æ‰å«åœŸè±ªå•Šã€‚ã€‚ã€‚
http://www.budejie.com/detail-29854784.html, æˆ‘ä»¬è¿™æœŸå­¦é©¾é©¶çš„éƒ½æ˜¯å¹´è½»äººï¼Œä¸ºäº†æ–¹ä¾¿ä¸æ•™ç»ƒç®¡ç†å’Œè”ç³»ï¼Œå»ºäº†ä¸€ä¸ªç¾¤ï¼ä»Šå¤©æ˜¯ä¸ªå¤§å–œçš„æ—¥å­ï¼Œå…¨ä½“å­¦å‘˜éƒ½é€šè¿‡äº†ç§‘ç›®äºŒï¼Œä¸ºäº†åº†ç¥ï¼Œç¾¤ä¸»åšçš„ç¬¬ä¸€ä»¶äº‹å°±æ˜¯å°†æ•™ç»ƒè¸¢å‡ºç¾¤ï¼
http://www.budejie.com/detail-29858245.html, åˆ†æ‰‹é‚£æ™šï¼Œå¥¹å–å¤šäº†ï¼Œç”·å‹æŠ±ç€é€å¥¹ä¸Šè½¦ï¼Œæœ€åè¯´äº†å¥â€œçé‡â€ã€‚
http://www.budejie.com/detail-29895116.html, å¤§æµ·çœŸçš„å¤ªææ€–äº†ï¼Œå½“å¹´æ³°å¦å°¼å…‹å·å‡ºæµ·çš„æ—¶å€™ï¼Œæˆ‘å–‰å’™éƒ½å–Šå“‘äº†ï¼Œä¸è®©ä»–ä»¬å‡ºæµ·ã€‚éä½†ä¸å¬ï¼Œå±…ç„¶è¿˜æŠŠæˆ‘ä»ç”µå½±é™¢èµ¶äº†å‡ºæ¥ã€‚
http://www.budejie.com/detail-29947140.html,çŒ«ï¼šä½ ç®¡ç®¡ä½ çš„ç‹—å­å§ï¼....
http://www.budejie.com/detail-29946024.html,é™ªå¥³æœ‹å‹æ‹ç…§çš„ä½ ...
http://www.budejie.com/detail-29900034.html,å›å¤´ä¸€çœ‹ï¼Œå‚»äº†ï¼Œä¸€è„¸æ‡µé€¼~
http://www.budejie.com/detail-29836478.html,æ™šä¸Šçœ‹å®Œé¬¼.ç‰‡æ´—æ¼±çš„ä½ 
http://www.budejie.com/detail-29945913.html,å“‡ã€‚ã€‚ç¡¬æ ¸ç©å®¶ï¼
http://www.budejie.com/detail-29835879.html,ä¸€ä½æ½œæ°´å®¢åœ¨æµ·ä¸­ä¸‹æ½œæ—¶ï¼Œå¶é‡ä¸¤å‘¨å‰æ›¾ç»ä¸€èµ·ç©è¿‡çš„æµ·è±¹ï¼ŒåŒæ–¹ç«Ÿç„¶éƒ½è®¤å‡ºå½¼æ­¤ï¼Œæµ·è±¹è¿˜ä¸»åŠ¨æ±‚æŠ±æŠ±ï¼ŒæŠ±ä½å°±ä¸æ¾æ‰‹ï¼Œä¸€å®šæ˜¯ç‰¹åˆ«çš„ç¼˜åˆ†
http://www.budejie.com/detail-29855557.html, ä¸æ˜ç™½äº†ç”µè§†é‡Œï¼Œå¤ä»£é‚£äº›å¤§ä¾ ä¸€å‡ºå»ï¼Œå°±æ˜¯ä¸¤æ–¤é…±ç‰›è‚‰ä¸€å£¶å¥½é…’ï¼Œæ¯å¤©æœ€å°‘ä¸‰é¡¿...
http://www.budejie.com/detail-29947704.html,æŒºä¼šç©å•Šï¼
http://www.budejie.com/detail-29875663.html, è€ä¸¤å£æŠ±ç€å­™å­åœ¨è¡—ä¸Šé€›ï¼Œè¿é¢ç¢°ä¸Šä¸€ä¸­å¹´å¦‡å¥³ï¼šçœŸå¯çˆ±ï¼Œå¤šå¤§äº†ï¼Ÿè€å¤ªå¤ªæŠ¢å…ˆå›ç­”ï¼šå†è¿‡ä¸¤ä¸ªæœˆå°±å…­åäº”å•¦ã€‚
http://www.budejie.com/detail-29947733.html,é¸Ÿï¼šè¿™æ¬¡ç©å¤§äº†ï¼Œè°æ¥æ•‘æ•‘æˆ‘
http://www.budejie.com/detail-29835534.html,ä¸€å®šä¼šæœ‰äººåŠ©ä½ æ¸¡è¿‡éš¾å…³
http://www.budejie.com/detail-29839154.html,æ™šä¸Šåº”é…¬å›å®¶ï¼Œå´å‘ç°å„¿å­ä¸è§äº†ï¼Œæ‰¾åˆ°å­©å­é‚£ä¸€åˆ»çˆ¶äº²ç¬‘äº†
http://www.budejie.com/detail-29869436.html,å…»ç‹—åƒæ—¥ï¼Œç”¨ç‹—ä¸€æ—¶
http://www.budejie.com/detail-29938021.html,å…»å–µç™¾æ—¥ï¼Œç”¨å–µä¸€æ—¶
http://www.budejie.com/detail-29942255.html,åˆšèµ·åºŠçš„ä½ 
http://www.budejie.com/detail-29836376.html, è¯´å®è¯ï¼Œæœ€æ€•ç¯å‚çš„è½¦ï¼Œåˆ¹è½¦ç¯æ™ƒçœ¼ï¼Œè¿œå…‰ç¯åˆºçœ¼ã€‚æœ‰æ¬¡ä¸€è¾†A8è·Ÿæˆ‘åå¤´ï¼Œé‚£è¿œå…‰ç¯ç…§å¾—æˆ‘å¼€ä¸äº†è½¦ï¼Œæˆ‘åœè½¦æŠŠä»–æˆªåœï¼Œä¸€é—®ï¼Œäººå®¶å¼€çš„è¿‘å…‰ï¼Œä¿©äººç ”ç©¶äº†åŠå¤©ï¼Œé‚£å¤§å“¥çªç„¶æ¿€åŠ¨çš„è¯´ï¼Œâ€œå…„deiï¼Œæˆ‘çŸ¥é“äº†ï¼Œæ˜¯ä½ çš„å¸ƒåŠ è¿ªåº•ç›˜å¤ªä½äº†ã€‚â€
http://www.budejie.com/detail-30024853.html, åœ¨é¤é¦†åƒé¥­ï¼Œçœ‹è§å¯¹é¢ä¸è¿œå¤„æœ‰ä¸€ç¾å¥³ï¼Œæˆ‘å–œæ¬¢çš„ç±»å‹ï¼Œæ­£åœ¨æƒ³ç€æ€ä¹ˆæ­è®ªï¼Œè¿™æ—¶ç¾å¥³å·²ç»åƒå®Œèµ·èº«å¾€å¤–èµ°äº†ï¼Œå¯æ˜¯æˆ‘è¿˜æ²¡æƒ³å¥½ï¼Œç«Ÿç„¶ä¸çŸ¥æ‰€æªäº†ï¼Œæ­£å½“ç¾å¥³èµ°åˆ°æˆ‘èº«è¾¹æ—¶ï¼Œæˆ‘ç«Ÿç„¶ä¸ç”±è‡ªä¸»çš„ä¼¸å‡ºè…¿ï¼ŒæŠŠå¥¹ç»Šå€’äº†ï¼Œå€’äº†ã€‚
http://www.budejie.com/detail-30024644.html, ä¸‹åˆåšå¤´å‘ï¼Œå› ä¸ºæˆ‘ä¸Šåˆæ‰æ´—è¿‡å¤´ï¼Œç†å‘å¸ˆè¯´ä¸ç”¨æ´—äº†ï¼Œå¤´å‘æ‰“æ¹¿ç‚¹å°±è¡Œï¼Œç„¶åæ‹¿ä¸€ä¸ªå–·å£¶å¾€æˆ‘å¤´å‘ä¸Šå–·æ°´ï¼Œæˆ‘çœ‹ç€å–·å£¶ï¼Œå¿ƒé‡Œæœ‰ç§è¯´ä¸ä¸Šæ¥çš„å¥‡æ€ªæ„Ÿè§‰ã€‚ç†å‘å¸ˆå¾€æˆ‘å¤´ä¸Šå–·å®Œæ°´ï¼Œè½¬èº«ç”¨å–·å£¶æµ‡èµ·äº†èŠ±â€¦â€¦
http://www.budejie.com/detail-29962796.html,å½“æˆ‘çœŸæ­£å¼€å§‹çˆ±è‡ªå·±ï¼Œæˆ‘æ‰è®¤è¯†åˆ°ï¼Œæ‰€æœ‰çš„ç—›è‹¦å’Œæƒ…æ„Ÿçš„æŠ˜ç£¨ï¼Œéƒ½åªæ˜¯åœ¨è­¦å‘Šæˆ‘ï¼šæˆ‘çš„ç”Ÿæ´»è¿èƒŒäº†è‡ªå·±çš„æœ¬å¿ƒã€‚â€”â€”æŸ¥ç†Â·å“åˆ«æ—
http://www.budejie.com/detail-29962165.html,æƒ³å¬ç¡å‰æ•…äº‹
http://www.budejie.com/detail-29963017.html,å·å¬åˆ°ç”·å­©å­éƒ½è®¨åŒæŠ½çƒŸçš„å¥³å­©å­ï¼Œæ˜¯å—ï¼Ÿ
http://www.budejie.com/detail-29961244.html, å©†å©†é€äº†æœ¬èœè°±ç»™åª³å¦‡ï¼Œæ„å›¾è®©åª³å¦‡å­¦ä¼šåšèœã€‚ç»“æœåª³å¦‡å¾ˆè…¼è…†è·Ÿå©†å©†è¯´ï¼šå¦ˆæ‚¨å¤ªå®¢æ°”äº†ï¼Œæ‚¨æ¯å¤©é‚£ä¹ˆç´¯ï¼Œè¿˜è®©æˆ‘ç‚¹èœåšç»™æˆ‘åƒï¼Œè¿™ä¸å¤ªåˆé€‚å‘€ï¼
http://www.budejie.com/detail-29961388.html,çœŸçš„å¯ä»¥æŠŠé¸¡è›‹æ”¾å•¤é…’ç“¶é‡Œ
http://www.budejie.com/detail-29907596.html,çµé­‚æœ¨å¶å¸ˆ
http://www.budejie.com/detail-29919562.html,å®‰å…¨æ„Ÿéœ€è¦è‡ªç»™è‡ªè¶³ã€‚
http://www.budejie.com/detail-29960768.html,å“‡å“ˆå“ˆå“ˆå“ˆ
http://www.budejie.com/detail-29835552.html, ä½ ç«¥å¹´æœ€å–œæ¬¢åƒçš„ä¸€æ¬¾å°é›¶é£Ÿæ˜¯ä»€ä¹ˆï¼Ÿåªèƒ½è¯´ä¸€æ¬¾
http://www.budejie.com/detail-29930002.html, åˆšåˆšçœ‹åˆ°ä¸€å¯¹æƒ…ä¾£åœ¨è·¯ç¯ä¸‹åµæ¶ï¼Œç”·å­©ä¸ºäº†æŒ½å›èŠ³å¿ƒï¼Œå±…ç„¶è·ªäº†ååˆ†é’Ÿã€‚æ²¡éª¨æ°”ï¼ŒçœŸTMæ€‚ï¼Œæˆ‘å½“å¹´å¯åˆšçƒˆäº†ï¼Œè¶³è¶³è·ªäº†ä¸€ä¸ªé€šå®µï¼
http://www.budejie.com/detail-29955730.html, æ¯ä¸ªå‘¨æœ«å‚¬å­©å­åšä½œä¸šéƒ½æ˜¯ä¸€åœºæ¶æˆ˜ã€‚å„¿å­ä»Šå¤©è¶´åœ¨åœ°ä¸Šå¯¹çˆ¸çˆ¸è¯´é“ï¼šâ€œè¯»ä¹¦æœ€æ²¡æœ‰ç”¨äº†ï¼Œæˆ‘è¯»å…­å¹´ä¹¦ï¼Œä¸€åˆ†é’±ä¹Ÿæ²¡æŒ£ç€ã€‚æˆ‘è¿™å…­å¹´è¦æ˜¯ç”¨æ¥å½“ä¹ä¸ï¼Œéƒ½ä¸çŸ¥é“èµšäº†å¤šå°‘äº†ã€‚â€çˆ¸çˆ¸æ°”æ„¤åœ°å†²ä»–å–Šï¼šâ€œä½ å»è¦å•Šå»è¦å•Š!â€å„¿å­ä½å£°è¯´ï¼šâ€œè¿™ä¸ªä½ è¦æƒ³å¥½äº†ï¼Œæˆ‘é¢å‰é‚£å¼ çº¸ä¼šä¸å¤ªå‰åˆ©ï¼Œè‡³å°‘ä¼šå†™å››ä¸ªå­—ï¼šçˆ¶æ¯åŒäº¡â€¦â€¦â€.
http://www.budejie.com/detail-29956190.html,ä»–è¿˜æ˜¯é‚£ä¹ˆçš„ä¼˜ç§€
http://www.budejie.com/detail-29953016.html,åªå¥½å¦‚æ­¤äº†ğŸ˜¼
http://www.budejie.com/detail-29956122.html,è€å¸ˆç¬‘è¶´åœ¨åŠå…¬æ¡Œä¸Šï¼
http://www.budejie.com/detail-29946565.html,ä¸œåŒ—çš„æœ‹å‹å‘Šè¯‰ä¸€ä¸‹æˆ‘ï¼Œè¿™æ˜¯çœŸçš„ä¹ˆ
http://www.budejie.com/detail-29953246.html,æ„Ÿè§‰æœ‰ç‚¹å¯çˆ±
http://www.budejie.com/detail-29834695.html, åœ°çƒçš„å¹´é¾„æ˜¯æ€ä¹ˆè®¡ç®—å‡ºæ¥çš„ï¼Ÿ
http://www.budejie.com/detail-29893336.html, ç»“å©šæ—¶ï¼Œåª³å¦‡å¸¦æ¥ä¸€ä¸ªå°ç“¶å­ï¼Œè¯´ä»¥åçš„æ—¥å­ï¼Œæ¯æƒ¹å¥¹å“­ä¸€æ¬¡ï¼Œå°±å¾€ç“¶å­é‡Œæ»´ä¸€æ»´æ°´ï¼Œç­‰å“ªå¤©ï¼Œç“¶å­æ»¡äº†ï¼Œå¿ƒä¹Ÿä¸€å®šæ­»äº†ï¼Œä¼šæ¯«ä¸çŠ¹è±«åœ°ç¦»å¼€æˆ‘ã€‚å‰å‡ å¤©æˆ‘å·å·ç»™é‚£ç“¶å­çŒè¿›ä¸¤å¤§å‹ºæ°´ï¼Œè¢«åª³å¦‡å‘ç°äº†â€¦â€¦
http://www.budejie.com/detail-30168784.html,åˆä½œå¾ˆå®Œç¾ï¼ğŸ˜‚ğŸ˜‚
http://www.budejie.com/detail-30135583.html,è¿‡å¹´æ—¶çˆ¸çˆ¸ç»™æˆ‘å¥³æœ‹å‹åŒ…äº†600å…ƒçº¢åŒ…ï¼Œå¥³å‹å«Œæˆ‘å®¶å¤ªæŠ é—¨ï¼Œå¥¹è§‰å¾—å¾ˆä¸¢äºº â€¦
http://www.budejie.com/detail-30127663.html,åœ¨å“ªå¯ä»¥ç©åˆ°ï¼Ÿ
http://www.budejie.com/detail-30119346.html,å…»çŒ«åƒæ—¥ï¼Œç”¨çŒ«ä¸€æ—¶
http://www.budejie.com/detail-30088083.html,è¿™ç§ç”·æœ‹å‹ï¼Œè¿˜è¦å—ï¼Ÿï¼ˆ2ï¼‰
http://www.budejie.com/detail-30092472.html,è€å®¶éŸ©åŸã€‚ è¿‡å¹´è¦æé¦„é¥¨ åŒ…é¥ºå­ã€‚ ä¸€å¹´åˆ°å¤´ä¹Ÿå°±è¿™ä¸¤å¤©è§‰å¾—å½»åº•æ”¾æ¾ã€‚
http://www.budejie.com/detail-30086670.html,ä¸€çœ‹å°±æ˜¯ä¸ªæœ‰ç»å†çš„ç­”ä¸»â€¦â€¦
http://www.budejie.com/detail-30053938.html,ç‹—å­ï¼šæˆ‘ä¸ºè¿™ä¸ªå®¶ä»˜å‡ºäº†å¤ªå¤šâ€¦â€¦
http://www.budejie.com/detail-30057377.html,æœ‰è‡ªçŸ¥ä¹‹æ˜çš„å¥³å¸æœº
http://www.budejie.com/detail-30057442.html,è°å‡†ä½ æ‘¸æˆ‘å±è‚¡çš„ï¼Ÿ
http://www.budejie.com/detail-30032745.html, å¹´è½»äººä¸‹ç­å›å®¶ï¼Œå‘ç°æ–°å©šå¦»å­åœ¨å‘æ„ã€‚æˆ‘çœŸæ˜¯æ²¡ç”¨ï¼Œå¥¹è¯´ï¼Œæˆ‘åˆšæ‰æ›¿ä½ ç†¨é‚£å¥—è¥¿è£…ï¼ŒæŠŠè£¤å­è‡€éƒ¨çƒ§äº†ä¸ªå¤§æ´ã€‚ä¸è¦ç´§ï¼Œå¥¹ä¸ˆå¤«å®‰æ…°è¯´ï¼Œé‚£å¥—è¡£æœæˆ‘å¤šå¤‡äº†ä¸€æ¡è£¤å­ã€‚å¯¹ï¼Œå¦»å­é«˜å…´èµ·æ¥è¯´ï¼Œå¹¸äºè¿™æ ·ï¼Œæˆ‘ç”¨é‚£æ¡è£¤å­æŠŠçƒ§çš„æ´è¡¥ä¸Šäº†ã€‚
http://www.budejie.com/detail-30032724.html, â€œå½“åˆæ˜¯ä½ è¦åˆ†å¼€ï¼Œåˆ†å¼€å°±åˆ†å¼€ã€‚â€è¿™å¥æ­Œè¯ä¸€å®šæ˜¯ç”·äººå†™çš„ã€‚å¦‚æœæ˜¯å¥³äººå†™ï¼Œæ­Œè¯åº”è¯¥è¿™æ ·ï¼šâ€œå½“åˆæ˜¯æˆ‘è¦åˆ†å¼€ï¼Œä½ è¿˜çœŸåˆ†å¼€ï¼Ÿâ€
http://www.budejie.com/detail-29962875.html,è¿™æ˜¯ä¸ªç§€å„¿
http://www.budejie.com/detail-30059205.html,ç¥ä¸€èˆ¬çš„äº”è±ğŸ˜…
http://www.budejie.com/detail-30032860.html, è€çˆ¸å›è€å®¶å››å¤©è¿˜æ²¡å›æ¥ï¼æˆ‘ç»™è€çˆ¸æ‰“ç”µè¯â€œçˆ¸ï¼Œå›æ¥å§ï¼Œè€å¦ˆåšçš„é¥­å¤ªéš¾åƒäº†ï¼Œæˆ‘éƒ½åƒä¸ä¸‹é¥¿ç˜¦äº†â€â€œå‚»é—ºå¥³ç˜¦äº†å¥½çœ‹ï¼Œå†è¯´å®¶é‡Œè¿˜æœ‰äº‹å›ä¸å»ã€‚â€â€œæˆ‘å¦ˆéƒ½ç˜¦äº†ä¸€åœˆäº†ï¼â€â€œå•¥ï¼Œä½ è¿™ä¸ªæ­»ä¸«å¤´ï¼Œèµ¶ç´§ç»™ä½ å¦ˆå«ä»½å¤–å–ï¼Œæˆ‘é©¬ä¸Šå›å»ç»™ä½ å¦ˆåšé¥­ï¼Œä½ å¦ˆå¯ä¸èƒ½ç˜¦ï¼Œç˜¦äº†åˆå¾—èŠ±é’±ä¹°è¡£æœï¼Œâ€å‘ƒâ€¦â€¦
http://www.budejie.com/detail-30033029.html, æ–°å©šä¸ä¹…ï¼Œè€å¦ˆæ¥å®¶é‡Œï¼Œè§å®¶é‡Œå‡Œä¹±ä¹‹æã€‚ä¾¿ç‹ ç‹ æ•°è½äº†è€å©†ä¸€é¡¿ï¼Œè€å©†éå¸¸å§”å±ˆï¼Œå¾…è€å¦ˆèµ°åï¼ŒæŠ„èµ·æ‰‹æœºå°±ç»™å²³æ¯æ‰“ç”µè¯è¯‰è‹¦â€¦â€¦å“­è¯‰äº†åŠå¤©ï¼Œå¯¹æ–¹ä¸€å¥è¯æ²¡æœ‰è¯´ã€‚æœªäº†æ¥äº†ä¸€å¥ï¼šâ€œä¸‹å›çœ‹å¥½äº†å·ç å†æ‰“ï¼Œæˆ‘æ˜¯ä½ å©†å©†ã€‚â€
http://www.budejie.com/detail-30057504.html,å¸¦ä½ ä½“éªŒå¤§è‡ªç„¶å¯æ€•çš„ä¸€é¢ï¼
°çš„å¥³å‹ï¼Œ1ç±³5ï¼Œå¾®èƒ–ã€‚ æŸå¤©æ—©ä¸Šï¼Œä»–ä¿©æ‰‹æ‹‰æ‰‹å‡ºé—¨å¸®å¤§å®¶ä¹°æ—©ç‚¹ï¼Œæ—©ä¸Šæœ‰ç‚¹é›¾ï¼Œæˆ‘å¥¶å¥¶çœ¼ç›åˆè€èŠ±ï¼Œåªå¬å¥¹åœ¨ä¸‰æ¥¼å†²æˆ‘å“¥å¤§å£°å–Šï¼šâ€œå¤§æ¸…æ—©çš„ï¼Œä½ æ‹‰ç€çš®ç®±è¦å»å“ªé‡Œå•Šï¼Ÿâ€
http://www.budejie.com/detail-30057448.html,ä¸€é¡¿æ“ä½œçŒ›å¦‚è™ï¼Œè½¬çœ¼æ‘”æˆäºŒç™¾äº”
http://www.budejie.com/detail-30024870.html, å°å¼Ÿä¸Šå°å­¦ï¼Œé…·çˆ±æ•°å­¦ï¼Œæˆå¤©åŸ‹é¦–æ•°å­¦é¢˜ä¸­ã€‚ä¸€å¤©ï¼Œæ­£å¥½æ’­æ”¾ã€Šå¤§æ˜å®«è¯ã€‹ï¼Œèˆ…èˆ…é—®ä»–ï¼šâ€œæ­¦åˆ™å¤©æ˜¯è°ï¼Ÿâ€å°å¼Ÿå¤´ä¹Ÿä¸æŠ¬ï¼Œè¯´ï¼šâ€œäº”åˆ™æ·»ï¼Œå››åˆ™èˆï¼Œè¿™è¿˜ç”¨é—®å—ï¼Ÿâ€
http://www.budejie.com/detail-29894441.html,é¹¦é¹‰ï¼šå’‹æ»´ï¼Ÿæˆ‘è¿˜ä¸èƒ½ç©ä¸ªå¤§é¹å±•ç¿…å•Šï¼Ÿ
http://www.budejie.com/detail-29946479.html,å—¯ï¼Œå¯¹ï¼Œä½ å¾ˆå‡¶ï¼Œå“æ­»æˆ‘å•¦ï¼Œå“‡ã€‚
http://www.budejie.com/detail-29925551.html,å¹´çºªå¤§çš„äººæ˜¯å¦‚ä½•æ¼è„šè¸çš„â€¦â€¦å“ˆå“ˆå“ˆå“ˆå“ˆå“ˆå“ˆ
http://www.budejie.com/detail-29947188.html,å©šç¤¼é€”ä¸­å‘ç°è€å…¬æˆä½›äº†æ€ä¹ˆåŠï¼Ÿ
http://www.budejie.com/detail-29840874.html,è«åæ„Ÿè§‰æŒºå¹¸ç¦çš„~~ä½ ä»¥åä¹Ÿè¦åƒä»–è¿™æ ·å® æˆ‘å“¦
http://www.budejie.com/detail-29901031.html, æ—©æ™¨å»æ¥¼ä¸‹ä¹°æ²¹æ¡ï¼Œå¤§å¦ˆè¯´è¦2.5å…ƒä¸€æ ¹ã€‚
http://www.budejie.com/detail-29940276.html,æ•™ä½ å çº¸é£æœºä¸­çš„æˆ˜æ–—æœº
http://www.budejie.com/detail-29947046.html,ä½ æ²¡è§è¿‡çš„é†‰æ‹³
http://www.budejie.com/detail-29945951.html,å§‘å¨˜ï¼Œè¿™æ˜¯æƒ³è®¹ä¸ªç”·æœ‹å‹å•Š
http://www.budejie.com/detail-29944531.html,å¥½å¯æ€œçš„ç‹—å­ï¼Œçœ‹èµ·æ¥å¥½ç–¼å•Šï¼ğŸ˜‚
http://www.budejie.com/detail-29941870.html,å½“ä»£å¹´è½»äººæ˜¯å¦‚ä½•å…³ç¯çš„â€¦
http://www.budejie.com/detail-29937684.html,ä¸»äººç¡è§‰çŒ«å’ªç”¨å°¾å·´ç»™ä¸»äººå½“çœ¼ç½©
http://www.budejie.com/detail-29941708.html,å¦ˆå¦ˆè¿‡å¹´ç»ˆäºå›å®¶äº†ï¼Œæ¯å­ç›¸æ‹¥çš„è¿™ä¸€åˆ»ï¼Œæ— æ•°äººè¢«æ„ŸåŠ¨äº†ï¼
http://www.budejie.com/detail-29945090.html,è¿™å°±æ˜¯å¤©æ°”é¢„æŠ¥è¯´çš„å±€éƒ¨åœ°åŒºï¼Ÿ
http://www.budejie.com/detail-29831840.html,å¥³å‹ç»™ç”·å‹é’±å“„ç”·å‹åƒè¯ï¼Œä»–å´åƒæ„Ÿå†’å†²å‰‚
http://www.budejie.com/detail-29941313.html,å¬åˆ°è‡ªå·±çš„å£°éŸ³æ˜¯è¿™ç§æ„Ÿè§‰
http://www.budejie.com/detail-29942709.html,ç»™è¯ç—¨å‰¯é©¾é©¶é…ä¸ªæ–¹å‘ç›˜æ˜¯ä¸ªå¥½åŠæ³•
http://www.budejie.com/detail-29841891.html,å’Œå¤§ç‹—ç¡åœ¨ä¸€èµ·ï¼Œå®Œå…¨æ²¡æœ‰ä»€ä¹ˆåŠæ³•
http://www.budejie.com/detail-29939561.html,çŒ«çš„ç³å­”èšç„¦ä¼šå˜åŒ–
http://www.budejie.com/detail-29940446.html,"çŒ«è§åˆ°æ´å°±æƒ³é’»,ä»»ä½•æ´"
http://www.budejie.com/detail-29938127.html,èªæ˜çš„é‡‘æ¯›è‡ªå·±æŒ£è„±ç‹—é“¾
http://www.budejie.com/detail-29941737.html,è¯´è¯çš„ç§€æ©çˆ±ï¼Œç»“æœ......
http://www.budejie.com/detail-29941467.html,å¤ªå® æººäº†â€¦â€¦åˆ«äººå®¶çš„ç”·æœ‹å‹
http://www.budejie.com/detail-29872205.html,å»ç¡æ²™å‘å§ï¼è¿™é‡Œæ²¡æœ‰ä½ çš„ä½ç½®äº†ï¼ï¼ï¼
http://www.budejie.com/detail-29907336.html,ä½ å¯èƒ½æ˜¯ä¸–ç•Œä¸Šæœ€å­¤ç‹¬çš„steamç”¨æˆ·äº†
http://www.budejie.com/detail-29941929.html,è¯´è¯ä¹Ÿå¤ªä¸ç®—æ•°äº†å§ï¼ï¼ï¼
http://www.budejie.com/detail-29942590.html,æˆ‘æ“¦ï¼Œä»€ä¹ˆæƒ…å†µï¼Ÿï¼Ÿ
http://www.budejie.com/detail-29939992.html,ç²˜äººç²¾ï¼ï¼ï¼
http://www.budejie.com/detail-29936545.html,å¾—æ­¤å¦»ï¼Œå¤«å¤ä½•æ±‚
http://www.budejie.com/detail-29938168.html,æˆ‘æƒ³é—®ä¸€ä¸‹å¥³ç”Ÿï¼Œä¸‹å›¾å“ªä¸ªæ˜¯è¿ªè¿¦å¥¥ç‰¹æ›¼ï¼Ÿ
http://www.budejie.com/detail-29936439.html,åƒè´§å°±æ˜¯æœ‰åƒçš„å¿…é†’
http://www.budejie.com/detail-29937292.html,è‡ªè¡Œè½¦è¿›åŒ–å²
http://www.budejie.com/detail-29936560.html,æˆ‘å¦ˆå·²ç»ä¸‰å¤©æ²¡æœ‰æ‰“æˆ‘äº†ï¼Œä¸‰å¤©æ²¡æœ‰æ‰“æˆ‘äº†
http://www.budejie.com/detail-29938507.html,ç‹—å­ï¼šï¼Ÿï¼Ÿï¼Ÿ
http://www.budejie.com/detail-29936618.html,å¦ˆå¦ˆå†ä¹Ÿä¸ç”¨æ‹…å¿ƒæˆ‘é•¿æ™ºé½¿äº†
http://www.budejie.com/detail-29933156.html,è½¬å‘è¿™åªé£è·ƒçš„çŒ«ï¼Œæœªæ¥ä¸€å¹´å†…ä»€ä¹ˆå›°éš¾éƒ½å¯ä»¥è½»æ¾è¶Šè¿‡ï¼
http://www.budejie.com/detail-29896528.html,å“ˆå“ˆå“ˆå“ˆå“ˆå“ˆå“ˆå“ˆå“ˆå“ˆå“ˆå“ˆå“ˆå“ˆå“ˆå“ˆå“ˆå“ˆ
http://www.budejie.com/detail-29873131.html,é«˜é“ä¸Šæœ‰çš„äººåˆ°åº•èƒ½æœ‰å¤šæ²¡ç´ è´¨ï¼Ÿ
http://www.budejie.com/detail-29899164.html,çŒ«å’ªåšå®Œç»è‚²åï¼Œéº»è¯è¿˜æ²¡å…¨é€€...ä½†æ˜¯ä¸€åˆ°å¼€é¥­ç‚¹...
http://www.budejie.com/detail-29863563.html,è¿™æ˜¯æˆ‘è§è¿‡æœ€å–œæ„Ÿçš„æ•é¼ å™¨äº†ã€‚ä½ æ„Ÿå—è¿‡ç»æœ›å—ï¼Ÿ
http://www.budejie.com/detail-29879489.html,æˆ‘æ»´å¦ˆå‘€ï¼Œè¿™è°é¡¶å¾—ä½ã€‚
http://www.budejie.com/detail-29879730.html,åšå•äº²çˆ¸çˆ¸æ˜¯ä»€ä¹ˆä½“éªŒï¼Ÿ
http://www.budejie.com/detail-29814911.html, è€ç‹ï¼šä½ æ€ä¹ˆç§ƒé¡¶äº†ï¼Ÿ
http://www.budejie.com/detail-29745738.html,ç«ç‹çªå‡»ï¼
http://www.budejie.com/detail-29752780.html,åƒåˆ°ç¾é£Ÿçš„ä½ 
http://www.budejie.com/detail-29753016.html,å°é¸Ÿï¼šçˆ¸çˆ¸ï¼Œçˆ¸çˆ¸ï¼Œæˆ‘é¥¿äº†è€çˆ¸ï¼šå¬ä¸è§ï¼Œå¬ä¸è§ï¼Œå¬ä¸è§
http://www.budejie.com/detail-29752170.html,å¬å¥¶å¥¶çš„è¯ï¼Œæ²¡é”™çš„
http://www.budejie.com/detail-29752384.html,å“ˆå“ˆå“ˆå“ˆå“ˆå“ˆå“ˆå“ˆå“ˆç”»é¢æ„ŸçœŸçš„å¼º
http://www.budejie.com/detail-29752481.html,ä½ åœ¨ä½ ç”·ï¼ˆå¥³ï¼‰æœ‹å‹çš„æ‰‹æœºé‡Œå‘ç°è¿‡ä»€ä¹ˆç§˜å¯†ï¼Ÿ
http://www.budejie.com/detail-29752617.html,è¿™è°å—å¾—ä½å•Šï¼Ÿ
http://www.budejie.com/detail-29752078.html,è¿™æ˜¯æƒ³éª—æˆ‘æ²¡è¿›è¿‡åŸå—ï¼Ÿï¼Ÿ
http://www.budejie.com/detail-29752982.html,è€è™ï¼šåˆšåˆšæ˜¯ä¸æ˜¯æƒ³è¿˜æ‰‹æ¥ç€ï¼Ÿ
http://www.budejie.com/detail-29752400.html,ç°åœ¨90åå‘˜å·¥å®¹æ˜“ç¦»èŒï¼Œæœ‰æ²¡æœ‰ä»€ä¹ˆåŠæ³•å¯ä»¥ç•™ä½ä»–ä»¬å‘¢ï¼Ÿ
http://www.budejie.com/detail-29752961.html,è‚²å„¿æ¦‚è¦ï¼Œæ‹¿èµ°ä¸è°¢
http://www.budejie.com/detail-29751532.html,æœ‰ç‚¹å„¿æ„æ€
http://www.budejie.com/detail-29753860.html,æ­£æ˜¯è¿™ä¹ˆä¸ªé“ç†
http://www.budejie.com/detail-29730824.html,è¾›è‹¦äº†é¥²å…»å‘˜ï¼Œå¸®ä½ æ¶æ¶èƒŒ
http://www.budejie.com/detail-29752836.html, æ‰€è°“è¡¨ç™½ï¼Œæ— éå°±æ˜¯ä½ å…œé‡Œæ£ç€ä¸€ä¸ªè‹¹æœï¼Œå»é—®å¯¹æ–¹å–œä¸å–œæ¬¢è‹¹æœï¼Œè€Œå¯¹æ–¹æœ‰å–œæ¬¢æ©˜å­é¸­æ¢¨çŒ•çŒ´æ¡ƒè èè‰è“ç­‰ç­‰Nç§å¯èƒ½ï¼Œè¿™ç§æƒ…å†µçœ‹è¿æ°”ã€‚è€Œæœ‰çš„äººä¸ä¸€æ ·ï¼ä»–ä»¬å…œé‡Œæ£çš„æ˜¯é‡‘æ¡ã€‚ã€‚
http://www.budejie.com/detail-29751570.html,æ–­äº†çº¿çš„æœ¨å¶
http://www.budejie.com/detail-29745843.html,è¿™ä¹ˆå°çš„åŒ…åŒ…èƒ½è£…ä»€ä¹ˆï¼Ÿ
http://www.budejie.com/detail-29746883.html,å…„deiï¼Œä½ æ˜¯çå—ï¼Ÿéš¾æ€ªè¿™ä¹ˆç–¼â€¦â€¦
http://www.budejie.com/detail-29752526.html,æœ‰é’±çœŸå¥½
http://www.budejie.com/detail-29752247.html,æœ‰ç‚¹å‰å®³
http://www.budejie.com/detail-29750869.html,å¤ªçœŸå®äº†â€¦â€¦
http://www.budejie.com/detail-29752974.html,é™¤äº†é•¿å¾—å¥½çœ‹ï¼Œä»€ä¹ˆæ ·çš„å¥³ç”Ÿæœ€å¸å¼•ç”·ç”Ÿï¼Ÿ
http://www.budejie.com/detail-29751713.html,ä¸€å®šè¦è¿™ä¹ˆæ‰“å‡»äººå—ï¼Ÿ
http://www.budejie.com/detail-29752487.html,ä¸€çœ‹å°±æ˜¯ä¸ªç†Ÿç»ƒå·¥äº†ï¼Œçœ‹æ¥å®ƒå®¶å¤§Houseè¿˜ç¼ºç‚¹åŸºå»ºææ–™ï¼Œå¾—è–…ç‚¹ç¾Šæ¯›æ‹¿å›å»ç”¨ã€‚ã€‚ã€‚
http://www.budejie.com/detail-29750097.html,å“ˆå“ˆå“ˆå“ˆå“ˆå“ˆå“ˆå“ˆè¿™ä¸ªå›ç­”æ²¡æ¯›ç—…å•Š
http://www.budejie.com/detail-29750364.html,å¤ªç²¾è¾Ÿäº†ï¼Œè¯´å‡ºäº†å¤šå°‘ç”·äººçš„å¿ƒå£°å•Šï¼ï¼ï¼
http://www.budejie.com/detail-29750385.html,å–è‚‰çš„ç®€ç›´é¬¼æ‰ã€‚ã€‚
http://www.budejie.com/detail-29749911.html,ä¸ç”¨åŒ¿åï¼Œè®©ç½‘å‹ç»™æˆ‘è¯„è¯„ç†
http://www.budejie.com/detail-29749279.html,è¿å°å­©éƒ½å˜å¾—é‚£ä¹ˆæœ‰å¿ƒæœº
http://www.budejie.com/detail-29749955.html,å°å°å¹´çºªå°±å–œæ¬¢æ‰å¼„å¤§äºº
 
http://www.budejie.com/detail-29751268.html,å“ˆå“ˆå“ˆå“ˆå“ˆ
http://www.budejie.com/detail-29730817.html,æ¯çŒªçš„äº§åæŠ¤ç†ã€‚
http://www.budejie.com/detail-29746690.html,çŒ«ç‰ˆæ®µæ­£æ·³
http://www.budejie.com/detail-29745921.html,æœ¬æ·±æµ·ææƒ§ç—‡æ‚£è€…è¡¨ç¤ºä¸è¡Œï¼Œæ„Ÿè§‰åˆ°äº†çª’æ¯ï¼
http://www.budejie.com/detail-29745711.html,åŒå­¦èšä¼šä¸Šï¼Œè€å…¬çš„è¡Œä¸ºå¾ˆä¸¢äººï¼Œè°çš„é—®é¢˜
http://www.budejie.com/detail-29746047.html,ç›ç½å­æ²¡æ‹§ç´§ï¼Œå’‹èƒ½è¡¥æ•‘ä¸€ä¸‹å•Šï¼Œåœ¨çº¿ç­‰
http://www.budejie.com/detail-29752862.html, ä½ é—®æˆ‘æ¸¸æˆé‡è¦è¿˜æ˜¯å¥³æœ‹å‹é‡è¦ï¼Ÿ
http://www.budejie.com/detail-29750568.html,å“ˆå“ˆå“ˆæˆ‘æ¯å¤©çš„å¥èº«æ–¹å¼åˆè¢«å‘ç°äº†
http://www.budejie.com/detail-29753217.html,ç†¬å¤œå’Œæ™šç¡çš„åŒºåˆ«
http://www.budejie.com/detail-29750401.html,è¿™ä¹ˆå¯çˆ±çš„ç—…æ¯’æˆ‘ä¹Ÿæƒ³è¦å•Šï¼ï¼ï¼ å¥½èŒå¥½èŒ
http://www.budejie.com/detail-29750837.html,ç”¨ä½ çš„è¾“å…¥æ³•æ‰“å‡ºâ€œPYâ€ï¼Œæ¥æµ‹è¯•ä¸€ä¸‹ä½ çš„çº¯æ´åº¦~
http://www.budejie.com/detail-29747791.html,è¢«é“å¾·ç»‘æ¶äº†æ€ä¹ˆåŠï¼Ÿ
http://www.budejie.com/detail-29750739.html,æˆ‘ä¸æƒ³ç”Ÿæ´»åœ¨ï¼Œè®¤ä¸ºå–„è‰¯æ˜¯å¼±ç‚¹çš„ä¸–ç•Œé‡Œã€‚
http://www.budejie.com/detail-29752063.html,å°‘å¹´å¥½åˆ€æ³•ï¼
http://www.budejie.com/detail-29752610.html,å¥³æœ‹å‹ç”Ÿæ°”å…¨è¿‡ç¨‹
http://www.budejie.com/detail-29750748.html,ä»Šæ™šä¸€å®šä¸å†ç†¬å¤œäº†ï¼Œä»Šæ™šä¸€å®š
http://www.budejie.com/detail-29746792.html,å¤§å®¶æ—©é¸­ï¼åˆ†äº«ä¸€åªï¼Œå¤§å®¶éƒ½æ˜¯å¥½ç†Šå¼Ÿï½
http://www.budejie.com/detail-29746014.html,åœ¨ç½‘å§çœ‹åˆ°çš„ã€‚
http://www.budejie.com/detail-29750817.html,ä¸€ä½çµé­‚éª‘æ‰‹é‡ä¸Šäº†å µè½¦ï¼Œçœ‹æ ·ä»–æŒºæ— èŠ
http://www.budejie.com/detail-29753900.html,ä½›äº†ï¼Œå½“å¹´æ€ä¹ˆå°±é¡¾ç€çœ‹æœºå™¨äººäº†
http://www.budejie.com/detail-29751490.html,ä½œä¸ºç”·äººå°±ç®—å¤ªé‚‹é¢äº†.ä¹Ÿè¦ä¿æŒæ•´æ´ï¼Œæœ‰ä¸ªæ€§â€¦â€¦
http://www.budejie.com/detail-29749428.html,æ²¡æ¯›ç—…...æ‰å¿ƒäº†
http://www.budejie.com/detail-29752392.html,åƒå¤šå°‘æ¬¡äºæ‰è®°å¾—ä½
http://www.budejie.com/detail-29753327.html,æˆ‘çœ‹äº†å¥½å¤šéè¿˜æ˜¯æ²¡çœ‹æ‡‚
http://www.budejie.com/detail-29751541.html,éå¸¸åŒæ„ï¼
http://www.budejie.com/detail-29753023.html,å½“ç”Ÿæ´»çœŸçš„è¿‡å¾—å¾ˆè‰°éš¾çš„æ—¶å€™ï¼Œä½ æ˜¯æ€ä¹ˆç†¬è¿‡æ¥çš„ï¼Ÿ
http://www.budejie.com/detail-29750357.html,å¦‚æœèµšäº†ä¸€ä¸ªäº¿ä½ è¿˜ä¼šä¸Šå­¦å—
http://www.budejie.com/detail-29748207.html,æœ‰ä»€ä¹ˆæ˜¯ä½ æ›¾ç»æ‹’ç»ç°åœ¨æ¥å—çš„é£Ÿç‰©ï¼Ÿåœ¨è¯„è®ºé‡ŒèŠä¸€èŠå§ï¼
http://www.budejie.com/detail-29749444.html,å¯¹äºç¬¬ä¸€æ¬¡ç›¸äº²ï¼Œä¸çŸ¥é“å¤§å®¶éƒ½æœ‰ä»€ä¹ˆæ ·çš„ç»å†ï¼Ÿ
http://www.budejie.com/detail-29745891.html,å¦‚æœèººç€çš„æ˜¯ä½ ï¼Œä½ ç¬¬ä¸€å¥è¯æ˜¯ä»€ä¹ˆï¼Ÿ
http://www.budejie.com/detail-29745445.html, æˆå¹´äº†æ‰è§‰å¾—ï¼Œ ä¸€ä¸ªç”·äººé•¿çš„å¸…ä¸å¸…ï¼Œå…¶å®å¹¶ä¸æ˜¯é‚£ä¹ˆé‡è¦ã€‚ æ›´å¤šçš„æ˜¯ä»–çš„èƒ½åŠ›ï¼Œæ‹…å½“ï¼Œè´£ä»»ï¼Œç¨³é‡â€¦â€¦æ‰èƒ½å¸å¼•å¥³å­©å­ã€‚
http://www.budejie.com/detail-29746977.html,æ–°è¡£æœåˆ°äº†ï¼æ™©ä¸Šå‡†å¤‡ç©¿å®ƒå‡ºå»è·‘æ­¥ï¼Œæˆ‘éœ€è¦æ³¨æ„ç‚¹ä»€ä¹ˆå—â€¦â€¦ï¼Ÿ
http://www.budejie.com/detail-29750864.html,å“ˆå“ˆå“ˆå“ˆæ— æ³•åé©³
http://www.budejie.com/detail-29744534.html,2019æ¸£ç”·é‰´å®šæµ‹è¯•å…¨å›½å·ï¼
http://www.budejie.com/detail-29747747.html,ç›´ç”·ç™Œæ€ä¹ˆè¯´è¯çš„
http://www.budejie.com/detail-29747823.html,ä½ å–œæ¬¢çš„æ˜¯å“ªç§ä½“å‹ï¼Ÿ
http://www.budejie.com/detail-29750434.html,æ²¡çŒœåˆ°ç»“å±€ç³»åˆ—
http://www.budejie.com/detail-29750205.html,ç‰›é¡¿ï¼šå¤Ÿäº†å“¦ï¼å·®ä¸å¤šå°±è¡Œäº†åˆ«å¤ªè¿‡åˆ†ï¼
http://www.budejie.com/detail-29744224.html,å±…ç„¶è¿˜æœ‰è¿™ç§æ“ä½œã€‚æœäº†
http://www.budejie.com/detail-29744507.html,æˆ‘è®©ä½ é’“yuï¼Œçœ‹ä½ æ€ä¹ˆé’“
http://www.budejie.com/detail-29751334.html,å½“äº†å¿«åå¹´çš„å§å¤« åªæƒ³åœ¨è¿™é‡Œè®°å½•ç€è¿™ä¸€å¤© æˆ‘â€¦æ±‚å©šæˆåŠŸ
http://www.budejie.com/detail-29747258.html,ç»ˆäºæœ‰äººæå‡ºè¿™ä¸ªç–‘é—®äº†
http://www.budejie.com/detail-29745716.html,è¿™å°±æ˜¯ä¼ è¯´ä¸­æ­¦å½“æ´¾ï¼ŒçœŸäººåŠŸå¤«å‰å®³äº†
http://www.budejie.com/detail-29750623.html,ä¸€åªæœ‰ç­–ç•¥çš„çŒ«ï¼Œçœ‹ç›‘æ§æŠ“è€é¼ ï¼
http://www.budejie.com/detail-29748460.html, å¦‚æœä½ çœŸçš„æ‡‚è¿‡æˆ‘ åœ¨æˆ‘å’„å’„é€¼äººå˜´ä¸é¥¶äººé‚£ä¸€åˆ»  ä½ å°±è¯¥çŸ¥é“ æˆ‘åˆ°åº•æœ‰å¤šéš¾è¿‡ â€‹â€‹â€‹
http://www.budejie.com/detail-29749359.html,ä¸€æ¬¡éš¾å¿˜çš„ç»å†â€¦
